ProjectIdentifier,ProjectID_Simple,Rank
2015-UG-GRTF,UG-GRTF,1
2016-UG-GRTF,UG-GRTF,1
2017-UG-GRTF,UG-GRTF,1
2018-UG-GRTF,UG-GRTF,1
ADOPTALAKE,ADOPTALAKE,1
BHRA-BIGHORN,BHRA-BIGHORN,1
BHRF-WQ-2020,BHRF-WQ,1
BHRF-WQ-2021,BHRF-WQ,1
BHRF-WQ-2022,BHRF-WQ,1
BHRF-WQ-2023,BHRF-WQ,1
BHRF-WQ-2024,BHRF-WQ,1
BHWC-ELKMM,BHWC-ELKMM,1
BIGHOLE-ALGAE-2023,BIGHOLE-ALGAE,1
BITR-BRPA,BITR-BRPA,1
BVHD-INSECT,BVHD-INSECT,1
CARBON-CD-2019,CARBON-CD,1
CARBON-CD-2020,CARBON-CD,1
CARBON-CD-2021,CARBON-CD,1
CARBON-CD-2022,CARBON-CD,1
CARBON-CD-2023,CARBON-CD,1
CARBON-CD-2024,CARBON-CD,1
CLEARWATER-BASIN,CLEARWATER-BASIN,1
FRA-WQ-2023,FRA-WQ,1
FRA-WQ-2024,FRA-WQ,1
JCP,JCP,1
KWAWQ,KWAWQ,1
LAKEMARYRONAN,LAKEMARYRONAN,1
LB-LAKE,LB-LAKE,1
LHVWM-2010,LHVWM,1
LHVWM-2011,LHVWM,1
LHVWM-2012,LHVWM,1
LHVWM-2013,LHVWM,1
LHVWM-2014,LHVWM,1
LHVWM-2015,LHVWM,1
LHVWM-2016,LHVWM,1
MBPHOA_POND,MBPHOA_POND,1
MORRELL-2012-2013,MORRELL,1
MST,MST,1
MVWQD_VM2019,MVWQD,1
MVWQD_VM2020,MVWQD,1
MVWQD_VM2021,MVWQD,1
MVWQD_VM2022,MVWQD,1
MVWQD_VM2023,MVWQD,1
MVWQD_VM2024,MVWQD,1
RFC-WQ,RFC-WQ,1
ROCK_CREEK_WQMP,ROCK-CREEK,1
SFWQ-2018,SFWQ,1
SFWQ-2019,SFWQ,1
SFWQ-2020,SFWQ,1
SFWQ-2021,SFWQ,1
SFWQ-2022,SFWQ,1
SFWQ-2023,SFWQ,1
SFWQ-2024,SFWQ,1
SRHP,SRHP,1
SRWQI,SRWQI,1
STUDENTS-IN-ACTION,STUDENTS-IN-ACTION,1
SWIM-RWQ-2021,SWIM-RWQ,1
SWIM-RWQ-2023,SWIM-RWQ,1
SWIM-RWQ-2024,SWIM-RWQ,1
TCLSC_CLH,TCLSC-CLH,1
TU-2019-BF,TU-BF,1
UMOWA,UMOWA,1
WRH20QTEAM,WRH20QTEAM,1
YERC-RIVERNET,YERC-RIVERNET,1
YVFC-2021,YVFC,1
YVFC-2022,YVFC,1
YVFC-2023,YVFC,1
YVFC-2024,YVFC,1
M13SUNR,M13SUNR,1
MWC-SAL,MWC-SAL,1
DEEPCREEK,DEEPCREEK,1
NMLN,NMLN,1
NWMTLVMN,NWMTLVMN,1
UPGAL-GRTF-NUT-ALGAE,UPGAL-GRTF,1
WWQMP,WWQMP,1
CLEARWATER-NUT-2013-20,CLEARWATER-NUT,2
GGWC,GGWC,2
GLWQD-SWMN,GLWQD-SWMN,2
ROCKYMT_YELLOWSTONE,ROCKYMT_YELLOWSTONE,3
ASHCR-HDR,ASHCR-HDR,3
AS-WSR-1,AS-WSR,3
BWTFGALL,BWTFGALL,3
BWTF-GALLATIN,BWTF-GALLATIN,3
MSUEWQ_WELLEDUCATED,MSUEWQ_WELLEDUCATED,3
WEN,WEN,3
MT WLI,MTWLI,3
CFRPO,CFRPO,3